https://comfort-works.com/en-gb/rowe-nantucket-slipcovers/rowe-nantucket-sofa-slipcover-1253/,Rowe Nantucket Sofa Slipcover
https://comfort-works.com/en-au/rowe-nantucket-slipcovers/rowe-nantucket-sofa-slipcover-1253/,Rowe Nantucket Sofa Slipcover
https://comfort-works.com/en-ca/rowe-nantucket-slipcovers/rowe-nantucket-sofa-slipcover-1253/,Rowe Nantucket Sofa Slipcover
https://comfort-works.com/en/rowe-nantucket-slipcovers/rowe-nantucket-loveseat-slipcover-1254/,Rowe Nantucket Loveseat Slipcover
https://comfort-works.com/en-gb/rowe-nantucket-slipcovers/rowe-nantucket-loveseat-slipcover-1254/,Rowe Nantucket Loveseat Slipcover
https://comfort-works.com/en-au/rowe-nantucket-slipcovers/rowe-nantucket-loveseat-slipcover-1254/,Rowe Nantucket Loveseat Slipcover
https://comfort-works.com/en-ca/rowe-nantucket-slipcovers/rowe-nantucket-loveseat-slipcover-1254/,Rowe Nantucket Loveseat Slipcover
https://comfort-works.com/en/rowe-nantucket-slipcovers/nantucket-ottoman-slipcover-1298/,Nantucket Ottoman Slipcover
https://comfort-works.com/en-gb/rowe-nantucket-slipcovers/nantucket-ottoman-slipcover-1298/,Nantucket Ottoman Slipcover
https://comfort-works.com/en-au/rowe-nantucket-slipcovers/nantucket-ottoman-slipcover-1298/,Nantucket Ottoman Slipcover
https://comfort-works.com/en-ca/rowe-nantucket-slipcovers/nantucket-ottoman-slipcover-1298/,Nantucket Ottoman Slipcover
https://comfort-works.com/en/rowe-nantucket-slipcovers/nantucket-armchair-slipcover-1299/,Nantucket Armchair Slipcover
https://comfort-works.com/en-gb/rowe-nantucket-slipcovers/nantucket-armchair-slipcover-1299/,Nantucket Armchair Slipcover
https://comfort-works.com/en-au/rowe-nantucket-slipcovers/nantucket-armchair-slipcover-1299/,Nantucket Armchair Slipcover
https://comfort-works.com/en-ca/rowe-nantucket-slipcovers/nantucket-armchair-slipcover-1299/,Nantucket Armchair Slipcover
https://comfort-works.com/en/rowe-Arberdeen-slipcovers/Arberdeen-88-Bench-Cushion-Sofa-Slipcover-3370/,Arberdeen 88" Bench Cushion Sofa Slipcover
https://comfort-works.com/en-gb/rowe-Arberdeen-slipcovers/Arberdeen-88-Bench-Cushion-Sofa-Slipcover-3370/,Arberdeen 88" Bench Cushion Sofa Slipcover
https://comfort-works.com/en-au/rowe-Arberdeen-slipcovers/Arberdeen-88-Bench-Cushion-Sofa-Slipcover-3370/,Arberdeen 88" Bench Cushion Sofa Slipcover
https://comfort-works.com/en-ca/rowe-Arberdeen-slipcovers/Arberdeen-88-Bench-Cushion-Sofa-Slipcover-3370/,Arberdeen 88" Bench Cushion Sofa Slipcover
https://comfort-works.com/en/rowe-Arberdeen-slipcovers/Arberdeen-88-2-Cushion-Sofa-Slipcover-3371/,Arberdeen 88" 2 Cushion Sofa Slipcover
https://comfort-works.com/en-gb/rowe-Arberdeen-slipcovers/Arberdeen-88-2-Cushion-Sofa-Slipcover-3371/,Arberdeen 88" 2 Cushion Sofa Slipcover
https://comfort-works.com/en-au/rowe-Arberdeen-slipcovers/Arberdeen-88-2-Cushion-Sofa-Slipcover-3371/,Arberdeen 88" 2 Cushion Sofa Slipcover
https://comfort-works.com/en-ca/rowe-Arberdeen-slipcovers/Arberdeen-88-2-Cushion-Sofa-Slipcover-3371/,Arberdeen 88" 2 Cushion Sofa Slipcover
https://comfort-works.com/en/rowe-Sylvie-slipcovers/Sylvie-Chair-Slipcover-3372/,Sylvie Chair Slipcover
https://comfort-works.com/en-gb/rowe-Sylvie-slipcovers/Sylvie-Chair-Slipcover-3372/,Sylvie Chair Slipcover
https://comfort-works.com/en-au/rowe-Sylvie-slipcovers/Sylvie-Chair-Slipcover-3372/,Sylvie Chair Slipcover
https://comfort-works.com/en-ca/rowe-Sylvie-slipcovers/Sylvie-Chair-Slipcover-3372/,Sylvie Chair Slipcover
https://comfort-works.com/en/rowe-Sylvie-slipcovers/Sylvie-88-Bench-Cushion-Sofa-Slipcover-3373/,Sylvie 88" Bench Cushion Sofa Slipcover
https://comfort-works.com/en-gb/rowe-Sylvie-slipcovers/Sylvie-88-Bench-Cushion-Sofa-Slipcover-3373/,Sylvie 88" Bench Cushion Sofa Slipcover
https://comfort-works.com/en-au/rowe-Sylvie-slipcovers/Sylvie-88-Bench-Cushion-Sofa-Slipcover-3373/,Sylvie 88" Bench Cushion Sofa Slipcover
https://comfort-works.com/en-ca/rowe-Sylvie-slipcovers/Sylvie-88-Bench-Cushion-Sofa-Slipcover-3373/,Sylvie 88" Bench Cushion Sofa Slipcover
https://comfort-works.com/en/rowe-Sylvie-slipcovers/Sylvie-88-2-Cushion-Sofa-Slipcover-3374/,Sylvie 88" 2 Cushion Sofa Slipcover
https://comfort-works.com/en-gb/rowe-Sylvie-slipcovers/Sylvie-88-2-Cushion-Sofa-Slipcover-3374/,Sylvie 88" 2 Cushion Sofa Slipcover
https://comfort-works.com/en-au/rowe-Sylvie-slipcovers/Sylvie-88-2-Cushion-Sofa-Slipcover-3374/,Sylvie 88" 2 Cushion Sofa Slipcover
https://comfort-works.com/en-ca/rowe-Sylvie-slipcovers/Sylvie-88-2-Cushion-Sofa-Slipcover-3374/,Sylvie 88" 2 Cushion Sofa Slipcover
https://comfort-works.com/en/elbgestoeber/elbdock-ottoman-cover-3604/,Elbdock Ottoman Cover
https://comfort-works.com/en-gb/elbgestoeber/elbdock-ottoman-cover-3604/,Elbdock Ottoman Cover
https://comfort-works.com/en-au/elbgestoeber/elbdock-ottoman-cover-3604/,Elbdock Ottoman Cover
https://comfort-works.com/en-ca/elbgestoeber/elbdock-ottoman-cover-3604/,Elbdock Ottoman Cover
https://comfort-works.com/de-ch/elbdock/bezug-hocker-elbdock-3604/,Bezug für Hocker Elbdock
https://comfort-works.com/de-at/elbdock/bezug-hocker-elbdock-3604/,Bezug für Hocker Elbdock
https://comfort-works.com/de-be/elbdock/bezug-hocker-elbdock-3604/,Bezug für Hocker Elbdock
https://comfort-works.com/de-de/elbdock/bezug-hocker-elbdock-3604/,Bezug für Hocker Elbdock
https://comfort-works.com/en/elbgestoeber/elbdock-one-seater-chair-cover-3605/,Elbdock One Seater / Chair Cover
https://comfort-works.com/en-gb/elbgestoeber/elbdock-one-seater-chair-cover-3605/,Elbdock One Seater / Chair Cover
https://comfort-works.com/en-au/elbgestoeber/elbdock-one-seater-chair-cover-3605/,Elbdock One Seater / Chair Cover
https://comfort-works.com/en-ca/elbgestoeber/elbdock-one-seater-chair-cover-3605/,Elbdock One Seater / Chair Cover
https://comfort-works.com/de-ch/elbdock/bezug-fuer-sessel-elbdock-3605/,Bezug für Sessel Elbdock
https://comfort-works.com/de-at/elbdock/bezug-fuer-sessel-elbdock-3605/,Bezug für Sessel Elbdock
https://comfort-works.com/de-be/elbdock/bezug-fuer-sessel-elbdock-3605/,Bezug für Sessel Elbdock
https://comfort-works.com/de-de/elbdock/bezug-fuer-sessel-elbdock-3605/,Bezug für Sessel Elbdock
https://comfort-works.com/en/elbgestoeber/elbdock-corner-piece-cover-3606/,Elbdock Corner Piece Cover
https://comfort-works.com/en-gb/elbgestoeber/elbdock-corner-piece-cover-3606/,Elbdock Corner Piece Cover
https://comfort-works.com/en-au/elbgestoeber/elbdock-corner-piece-cover-3606/,Elbdock Corner Piece Cover
https://comfort-works.com/en-ca/elbgestoeber/elbdock-corner-piece-cover-3606/,Elbdock Corner Piece Cover
https://comfort-works.com/de-ch/elbdock/bezug-sofa-eckelement-elbdock-3606/,Bezug für Sofa-Eckelement Elbdock
https://comfort-works.com/de-at/elbdock/bezug-sofa-eckelement-elbdock-3606/,Bezug für Sofa-Eckelement Elbdock
https://comfort-works.com/de-be/elbdock/bezug-sofa-eckelement-elbdock-3606/,Bezug für Sofa-Eckelement Elbdock
https://comfort-works.com/de-de/elbdock/bezug-sofa-eckelement-elbdock-3606/,Bezug für Sofa-Eckelement Elbdock
https://comfort-works.com/en/elbgestoeber/elbdock-chaise-cover-3607/,Elbdock Chaise Cover
https://comfort-works.com/en-gb/elbgestoeber/elbdock-chaise-cover-3607/,Elbdock Chaise Cover
https://comfort-works.com/en-au/elbgestoeber/elbdock-chaise-cover-3607/,Elbdock Chaise Cover
https://comfort-works.com/en-ca/elbgestoeber/elbdock-chaise-cover-3607/,Elbdock Chaise Cover
https://comfort-works.com/de-ch/elbdock/bezug-fuer-ottomane-elbdock-3607/,Bezug für Ottomane Elbdock
https://comfort-works.com/de-at/elbdock/bezug-fuer-ottomane-elbdock-3607/,Bezug für Ottomane Elbdock
https://comfort-works.com/de-be/elbdock/bezug-fuer-ottomane-elbdock-3607/,Bezug für Ottomane Elbdock
https://comfort-works.com/de-de/elbdock/bezug-fuer-ottomane-elbdock-3607/,Bezug für Ottomane Elbdock
https://comfort-works.com/en/elbgestoeber/elbdock-3-seater-combo-cover-3654/,Elbdock 3 Seater Combo Cover
https://comfort-works.com/en-gb/elbgestoeber/elbdock-3-seater-combo-cover-3654/,Elbdock 3 Seater Combo Cover
https://comfort-works.com/en-au/elbgestoeber/elbdock-3-seater-combo-cover-3654/,Elbdock 3 Seater Combo Cover
https://comfort-works.com/en-ca/elbgestoeber/elbdock-3-seater-combo-cover-3654/,Elbdock 3 Seater Combo Cover
https://comfort-works.com/de-ch/elbdock/bezug-fuer-3-sitzer-elbdock-3654/,Bezug für 3-Sitzer Elbdock
https://comfort-works.com/de-at/elbdock/bezug-fuer-3-sitzer-elbdock-3654/,Bezug für 3-Sitzer Elbdock
https://comfort-works.com/de-be/elbdock/bezug-fuer-3-sitzer-elbdock-3654/,Bezug für 3-Sitzer Elbdock
https://comfort-works.com/de-de/elbdock/bezug-fuer-3-sitzer-elbdock-3654/,Bezug für 3-Sitzer Elbdock
https://comfort-works.com/en/elbgestoeber/elbdock-corner-sofa-combo-cover-3655/,Elbdock Corner Sofa Combo Cover
https://comfort-works.com/en-gb/elbgestoeber/elbdock-corner-sofa-combo-cover-3655/,Elbdock Corner Sofa Combo Cover
https://comfort-works.com/en-au/elbgestoeber/elbdock-corner-sofa-combo-cover-3655/,Elbdock Corner Sofa Combo Cover
https://comfort-works.com/en-ca/elbgestoeber/elbdock-corner-sofa-combo-cover-3655/,Elbdock Corner Sofa Combo Cover
https://comfort-works.com/de-ch/elbdock/bezug-fuer-ecksofa-elbdock-3655/,Bezug für Ecksofa Elbdock
https://comfort-works.com/de-at/elbdock/bezug-fuer-ecksofa-elbdock-3655/,Bezug für Ecksofa Elbdock
https://comfort-works.com/de-be/elbdock/bezug-fuer-ecksofa-elbdock-3655/,Bezug für Ecksofa Elbdock
https://comfort-works.com/de-de/elbdock/bezug-fuer-ecksofa-elbdock-3655/,Bezug für Ecksofa Elbdock
https://comfort-works.com/en/elbgestoeber/elbdock-u-shape-combo-cover-3656/,Elbdock U Shape Combo Cover
https://comfort-works.com/en-gb/elbgestoeber/elbdock-u-shape-combo-cover-3656/,Elbdock U Shape Combo Cover
https://comfort-works.com/en-au/elbgestoeber/elbdock-u-shape-combo-cover-3656/,Elbdock U Shape Combo Cover
https://comfort-works.com/en-ca/elbgestoeber/elbdock-u-shape-combo-cover-3656/,Elbdock U Shape Combo Cover
https://comfort-works.com/de-ch/elbdock/bezug-fuer-wohnlandschaft-elbdock-3656/,Bezug für Wohnlandschaft Elbdock
https://comfort-works.com/de-at/elbdock/bezug-fuer-wohnlandschaft-elbdock-3656/,Bezug für Wohnlandschaft Elbdock
https://comfort-works.com/de-be/elbdock/bezug-fuer-wohnlandschaft-elbdock-3656/,Bezug für Wohnlandschaft Elbdock
https://comfort-works.com/de-de/elbdock/bezug-fuer-wohnlandschaft-elbdock-3656/,Bezug für Wohnlandschaft Elbdock
https://comfort-works.com/en/briar-chair-slipcover/Briar-Chair-Slipcover-3164/,Briar Chair Slipcover
https://comfort-works.com/en-gb/briar-chair-slipcover/Briar-Chair-Slipcover-3164/,Briar Chair Slipcover
https://comfort-works.com/en-ca/briar-chair-slipcover/Briar-Chair-Slipcover-3164/,Briar Chair Slipcover
https://comfort-works.com/en-au/briar-chair-slipcover/Briar-Chair-Slipcover-3164/,Briar Chair Slipcover
https://comfort-works.com/en/briar-sofa-slipcover/Briar-72-Sofa-Slipcover-3165/,Briar 72" Sofa Slipcover
https://comfort-works.com/en-gb/briar-sofa-slipcover/Briar-72-Sofa-Slipcover-3165/,Briar 72" Sofa Slipcover
https://comfort-works.com/en-ca/briar-sofa-slipcover/Briar-72-Sofa-Slipcover-3165/,Briar 72" Sofa Slipcover
https://comfort-works.com/en-au/briar-sofa-slipcover/Briar-72-Sofa-Slipcover-3165/,Briar 72" Sofa Slipcover
https://comfort-works.com/en/briar-sofa-slipcover/Briar-79-Sleeper-Sofa-Slipcover-3166/,Briar 79" Sleeper Sofa Slipcover
https://comfort-works.com/en-gb/briar-sofa-slipcover/Briar-79-Sleeper-Sofa-Slipcover-3166/,Briar 79" Sleeper Sofa Slipcover
https://comfort-works.com/en-ca/briar-sofa-slipcover/Briar-79-Sleeper-Sofa-Slipcover-3166/,Briar 79" Sleeper Sofa Slipcover
https://comfort-works.com/en-au/briar-sofa-slipcover/Briar-79-Sleeper-Sofa-Slipcover-3166/,Briar 79" Sleeper Sofa Slipcover
https://comfort-works.com/en/briar-sofa-slipcover/Briar-90-Sofa-Slipcover-3167/,Briar 90" Sofa Slipcover
https://comfort-works.com/en-gb/briar-sofa-slipcover/Briar-90-Sofa-Slipcover-3167/,Briar 90" Sofa Slipcover
https://comfort-works.com/en-ca/briar-sofa-slipcover/Briar-90-Sofa-Slipcover-3167/,Briar 90" Sofa Slipcover
https://comfort-works.com/en-au/briar-sofa-slipcover/Briar-90-Sofa-Slipcover-3167/,Briar 90" Sofa Slipcover
https://comfort-works.com/en/eliot-sofa-slipcover/Eliot-104-Grand-Sofa-Slipcover-3169/,Eliot 104" Grand Sofa Slipcover
https://comfort-works.com/en-gb/eliot-sofa-slipcover/Eliot-104-Grand-Sofa-Slipcover-3169/,Eliot 104" Grand Sofa Slipcover
https://comfort-works.com/en-ca/eliot-sofa-slipcover/Eliot-104-Grand-Sofa-Slipcover-3169/,Eliot 104" Grand Sofa Slipcover
https://comfort-works.com/en-au/eliot-sofa-slipcover/Eliot-104-Grand-Sofa-Slipcover-3169/,Eliot 104" Grand Sofa Slipcover
https://comfort-works.com/en/eliot-ottoman-slipcover/Eliot-72x20x18-Bench--Slipcover-3171/,Eliot 72x20x18 Bench Slipcover
https://comfort-works.com/en-gb/eliot-ottoman-slipcover/Eliot-72x20x18-Bench--Slipcover-3171/,Eliot 72x20x18 Bench Slipcover
https://comfort-works.com/en-ca/eliot-ottoman-slipcover/Eliot-72x20x18-Bench--Slipcover-3171/,Eliot 72x20x18 Bench Slipcover
https://comfort-works.com/en-au/eliot-ottoman-slipcover/Eliot-72x20x18-Bench--Slipcover-3171/,Eliot 72x20x18 Bench Slipcover
https://comfort-works.com/en/eliot-chair-slipcover/Eliot-33%E2%80%9D-Apartment-Chair--Slipcover-3172/,Eliot 33” Apartment Chair Slipcover
https://comfort-works.com/en-gb/eliot-chair-slipcover/Eliot-33%E2%80%9D-Apartment-Chair--Slipcover-3172/,Eliot 33” Apartment Chair Slipcover
https://comfort-works.com/en-ca/eliot-chair-slipcover/Eliot-33%E2%80%9D-Apartment-Chair--Slipcover-3172/,Eliot 33” Apartment Chair Slipcover
https://comfort-works.com/en-au/eliot-chair-slipcover/Eliot-33%E2%80%9D-Apartment-Chair--Slipcover-3172/,Eliot 33” Apartment Chair Slipcover
https://comfort-works.com/en/eliot-sofa-slipcover/Eliot-33%E2%80%9D-Swivel-Chair--Slipcover-3173/,Eliot 33” Swivel Chair Slipcover
https://comfort-works.com/en-gb/eliot-sofa-slipcover/Eliot-33%E2%80%9D-Swivel-Chair--Slipcover-3173/,Eliot 33” Swivel Chair Slipcover
https://comfort-works.com/en-ca/eliot-sofa-slipcover/Eliot-33%E2%80%9D-Swivel-Chair--Slipcover-3173/,Eliot 33” Swivel Chair Slipcover
https://comfort-works.com/en-au/eliot-sofa-slipcover/Eliot-33%E2%80%9D-Swivel-Chair--Slipcover-3173/,Eliot 33” Swivel Chair Slipcover
https://comfort-works.com/en/eliot-chair-slipcover/Eliot-38.5-Chair--Slipcover-3174/,Eliot 38.5" Chair Slipcover
https://comfort-works.com/en-gb/eliot-chair-slipcover/Eliot-38.5-Chair--Slipcover-3174/,Eliot 38.5" Chair Slipcover
https://comfort-works.com/en-ca/eliot-chair-slipcover/Eliot-38.5-Chair--Slipcover-3174/,Eliot 38.5" Chair Slipcover
https://comfort-works.com/en-au/eliot-chair-slipcover/Eliot-38.5-Chair--Slipcover-3174/,Eliot 38.5" Chair Slipcover
https://comfort-works.com/en/eliot-sofa-slipcover/Eliot-64-Apartment-Sofa--Slipcover-3177/,Eliot 64" Apartment Sofa Slipcover
https://comfort-works.com/en-gb/eliot-sofa-slipcover/Eliot-64-Apartment-Sofa--Slipcover-3177/,Eliot 64" Apartment Sofa Slipcover
https://comfort-works.com/en-ca/eliot-sofa-slipcover/Eliot-64-Apartment-Sofa--Slipcover-3177/,Eliot 64" Apartment Sofa Slipcover
https://comfort-works.com/en-au/eliot-sofa-slipcover/Eliot-64-Apartment-Sofa--Slipcover-3177/,Eliot 64" Apartment Sofa Slipcover
https://comfort-works.com/en/eliot-sofa-slipcover/Eliot-71-Loveseat-Slipcover-3178/,Eliot 71" Loveseat Slipcover
https://comfort-works.com/en-gb/eliot-sofa-slipcover/Eliot-71-Loveseat-Slipcover-3178/,Eliot 71" Loveseat Slipcover
https://comfort-works.com/en-ca/eliot-sofa-slipcover/Eliot-71-Loveseat-Slipcover-3178/,Eliot 71" Loveseat Slipcover
https://comfort-works.com/en-au/eliot-sofa-slipcover/Eliot-71-Loveseat-Slipcover-3178/,Eliot 71" Loveseat Slipcover
https://comfort-works.com/en/eliot-sofa-slipcover/Eliot-Daybed-Slipcover-3179/,Eliot Daybed Slipcover
https://comfort-works.com/en-gb/eliot-sofa-slipcover/Eliot-Daybed-Slipcover-3179/,Eliot Daybed Slipcover
https://comfort-works.com/en-ca/eliot-sofa-slipcover/Eliot-Daybed-Slipcover-3179/,Eliot Daybed Slipcover
https://comfort-works.com/en-au/eliot-sofa-slipcover/Eliot-Daybed-Slipcover-3179/,Eliot Daybed Slipcover
https://comfort-works.com/en/eliot-sofa-slipcover/Eliot-78%E2%80%9C-Sleeper-Sofa-Slipcover-3180/,Eliot 78“ Sleeper Sofa Slipcover
https://comfort-works.com/en-gb/eliot-sofa-slipcover/Eliot-78%E2%80%9C-Sleeper-Sofa-Slipcover-3180/,Eliot 78“ Sleeper Sofa Slipcover
https://comfort-works.com/en-ca/eliot-sofa-slipcover/Eliot-78%E2%80%9C-Sleeper-Sofa-Slipcover-3180/,Eliot 78“ Sleeper Sofa Slipcover
https://comfort-works.com/en-au/eliot-sofa-slipcover/Eliot-78%E2%80%9C-Sleeper-Sofa-Slipcover-3180/,Eliot 78“ Sleeper Sofa Slipcover
https://comfort-works.com/en/eliot-sofa-slipcover/Eliot-84-Sofa-Slipcover-3181/,Eliot 84" Sofa Slipcover
https://comfort-works.com/en-gb/eliot-sofa-slipcover/Eliot-84-Sofa-Slipcover-3181/,Eliot 84" Sofa Slipcover
https://comfort-works.com/en-ca/eliot-sofa-slipcover/Eliot-84-Sofa-Slipcover-3181/,Eliot 84" Sofa Slipcover
https://comfort-works.com/en-au/eliot-sofa-slipcover/Eliot-84-Sofa-Slipcover-3181/,Eliot 84" Sofa Slipcover
https://comfort-works.com/en/eliot-ottoman-slipcover/Eliot-XL-Ottoman--Slipcover-3184/,Eliot XL Ottoman Slipcover
https://comfort-works.com/en-gb/eliot-ottoman-slipcover/Eliot-XL-Ottoman--Slipcover-3184/,Eliot XL Ottoman Slipcover
https://comfort-works.com/en-ca/eliot-ottoman-slipcover/Eliot-XL-Ottoman--Slipcover-3184/,Eliot XL Ottoman Slipcover
https://comfort-works.com/en-au/eliot-ottoman-slipcover/Eliot-XL-Ottoman--Slipcover-3184/,Eliot XL Ottoman Slipcover
https://comfort-works.com/en/holt-ottoman-slipcover/Holt-41x41x16-Ottoman--Slipcover-3186/,Holt 41x41x16 Ottoman Slipcover
https://comfort-works.com/en-gb/holt-ottoman-slipcover/Holt-41x41x16-Ottoman--Slipcover-3186/,Holt 41x41x16 Ottoman Slipcover
https://comfort-works.com/en-ca/holt-ottoman-slipcover/Holt-41x41x16-Ottoman--Slipcover-3186/,Holt 41x41x16 Ottoman Slipcover
https://comfort-works.com/en-au/holt-ottoman-slipcover/Holt-41x41x16-Ottoman--Slipcover-3186/,Holt 41x41x16 Ottoman Slipcover
https://comfort-works.com/en/holt-sofa-slipcover/Holt-86-Sofa-Slipcover-3190/,Holt 86" Sofa Slipcover
https://comfort-works.com/en-gb/holt-sofa-slipcover/Holt-86-Sofa-Slipcover-3190/,Holt 86" Sofa Slipcover
https://comfort-works.com/en-ca/holt-sofa-slipcover/Holt-86-Sofa-Slipcover-3190/,Holt 86" Sofa Slipcover
https://comfort-works.com/en-au/holt-sofa-slipcover/Holt-86-Sofa-Slipcover-3190/,Holt 86" Sofa Slipcover
https://comfort-works.com/en/preston-sofa-slipcover/Preston-66-Bench--Slipcover-3191/,Preston 66" Bench Slipcover
https://comfort-works.com/en-gb/preston-sofa-slipcover/Preston-66-Bench--Slipcover-3191/,Preston 66" Bench Slipcover
https://comfort-works.com/en-ca/preston-sofa-slipcover/Preston-66-Bench--Slipcover-3191/,Preston 66" Bench Slipcover
https://comfort-works.com/en-au/preston-sofa-slipcover/Preston-66-Bench--Slipcover-3191/,Preston 66" Bench Slipcover
https://comfort-works.com/en/preston-sofa-slipcover/Preston-86-Sofa-Slipcover-3192/,Preston 86" Sofa Slipcover
https://comfort-works.com/en-gb/preston-sofa-slipcover/Preston-86-Sofa-Slipcover-3192/,Preston 86" Sofa Slipcover
https://comfort-works.com/en-ca/preston-sofa-slipcover/Preston-86-Sofa-Slipcover-3192/,Preston 86" Sofa Slipcover
https://comfort-works.com/en-au/preston-sofa-slipcover/Preston-86-Sofa-Slipcover-3192/,Preston 86" Sofa Slipcover
https://comfort-works.com/en/preston-sofa-slipcover/Preston-95-Grand-Sofa--Slipcover-3193/,Preston 95" Grand Sofa Slipcover
https://comfort-works.com/en-gb/preston-sofa-slipcover/Preston-95-Grand-Sofa--Slipcover-3193/,Preston 95" Grand Sofa Slipcover
https://comfort-works.com/en-ca/preston-sofa-slipcover/Preston-95-Grand-Sofa--Slipcover-3193/,Preston 95" Grand Sofa Slipcover
https://comfort-works.com/en-au/preston-sofa-slipcover/Preston-95-Grand-Sofa--Slipcover-3193/,Preston 95" Grand Sofa Slipcover
https://comfort-works.com/en/room-board-andre-sofa-slipcovers/andre-76%22-sofa-slipcover-1311/,Andre 76" Sofa Slipcover
https://comfort-works.com/en-au/room-board-andre-sofa-slipcovers/andre-76%22-sofa-slipcover-1311/,Andre 76" Sofa Slipcover
https://comfort-works.com/en-gb/room-board-andre-sofa-slipcovers/andre-76%22-sofa-slipcover-1311/,Andre 76" Sofa Slipcover
https://comfort-works.com/en-ca/room-board-andre-sofa-slipcovers/andre-76%22-sofa-slipcover-1311/,Andre 76" Sofa Slipcover
https://comfort-works.com/en/room-board-hess-sofa-slipcovers/hess-89%22-sofa-slipcover-1312/,Hess 89" Sofa Slipcover
https://comfort-works.com/en-au/room-board-hess-sofa-slipcovers/hess-89%22-sofa-slipcover-1312/,Hess 89" Sofa Slipcover
https://comfort-works.com/en-gb/room-board-hess-sofa-slipcovers/hess-89%22-sofa-slipcover-1312/,Hess 89" Sofa Slipcover
https://comfort-works.com/en-ca/room-board-hess-sofa-slipcovers/hess-89%22-sofa-slipcover-1312/,Hess 89" Sofa Slipcover
https://comfort-works.com/en/easton-ottoman-slipcover/Easton-37-Ottoman-Slipcover-3168/,Easton 37" Ottoman Slipcover
https://comfort-works.com/en-au/easton-ottoman-slipcover/Easton-37-Ottoman-Slipcover-3168/,Easton 37" Ottoman Slipcover
https://comfort-works.com/en-gb/easton-ottoman-slipcover/Easton-37-Ottoman-Slipcover-3168/,Easton 37" Ottoman Slipcover
https://comfort-works.com/en-ca/easton-ottoman-slipcover/Easton-37-Ottoman-Slipcover-3168/,Easton 37" Ottoman Slipcover
https://comfort-works.com/en/room-board-andre-sofa-slipcovers/Andre-101-Sofa-Slipcover-3310/,Andre 101" Sofa Slipcover
https://comfort-works.com/en-au/room-board-andre-sofa-slipcovers/Andre-101-Sofa-Slipcover-3310/,Andre 101" Sofa Slipcover
https://comfort-works.com/en-gb/room-board-andre-sofa-slipcovers/Andre-101-Sofa-Slipcover-3310/,Andre 101" Sofa Slipcover
https://comfort-works.com/en-ca/room-board-andre-sofa-slipcovers/Andre-101-Sofa-Slipcover-3310/,Andre 101" Sofa Slipcover
https://comfort-works.com/en/andre-chair-slipcover/Andre-36-Chair--Slipcover-3312/,Andre 36" Chair Slipcover
https://comfort-works.com/en-au/andre-chair-slipcover/Andre-36-Chair--Slipcover-3312/,Andre 36" Chair Slipcover
https://comfort-works.com/en-gb/andre-chair-slipcover/Andre-36-Chair--Slipcover-3312/,Andre 36" Chair Slipcover
https://comfort-works.com/en-ca/andre-chair-slipcover/Andre-36-Chair--Slipcover-3312/,Andre 36" Chair Slipcover
https://comfort-works.com/en/room-board-andre-sofa-slipcovers/Andre-65-Loveseat--Slipcover-3313/,Andre 65" Loveseat Slipcover
https://comfort-works.com/en-au/room-board-andre-sofa-slipcovers/Andre-65-Loveseat--Slipcover-3313/,Andre 65" Loveseat Slipcover
https://comfort-works.com/en-gb/room-board-andre-sofa-slipcovers/Andre-65-Loveseat--Slipcover-3313/,Andre 65" Loveseat Slipcover
https://comfort-works.com/en-ca/room-board-andre-sofa-slipcovers/Andre-65-Loveseat--Slipcover-3313/,Andre 65" Loveseat Slipcover
https://comfort-works.com/en/room-board-andre-sofa-slipcovers/Andre-89-Sofa-Slipcover-3314/,Andre 89" Sofa Slipcover
https://comfort-works.com/en-au/room-board-andre-sofa-slipcovers/Andre-89-Sofa-Slipcover-3314/,Andre 89" Sofa Slipcover
https://comfort-works.com/en-gb/room-board-andre-sofa-slipcovers/Andre-89-Sofa-Slipcover-3314/,Andre 89" Sofa Slipcover
https://comfort-works.com/en-ca/room-board-andre-sofa-slipcovers/Andre-89-Sofa-Slipcover-3314/,Andre 89" Sofa Slipcover
https://comfort-works.com/en/easton-chair-slipcover/Easton-Chair-Slipcover-3316/,Easton Chair Slipcover